{"cameraMode":{"drawMode":0,"name":"Shaded","section":"Shading Mode"},"sceneLighting":true,"audioPlay":false,"sceneViewState":{"m_AlwaysRefresh":false,"showFog":true,"showSkybox":true,"showFlares":true,"showImageEffects":true,"showParticleSystems":true,"showVisualEffectGraphs":true,"m_FxEnabled":true},"in2DMode":false,"pivot":{"x":4.292818546295166,"y":-99.9874038696289,"z":432.2142639160156},"rotation":{"x":0.11673092842102051,"y":0.007448721677064896,"z":-0.000874553166795522,"w":0.9931438565254211},"size":233.3451690673828,"orthographic":false}